{
  "00EABED2-271D-49D8-B599-1D4A09240601": [
    -2.5875805837462753,
    -0.4827701413997356,
    -0.2547791060495315,
    -0.14037583741697623,
    0.2966166886937084,
    11.48530296106659
  ],
  "098A72A5-E3E5-4F54-A152-BBDA0DF7B694": [
    -0.5682946381433713,
    -0.16048964490015988,
    -0.15146915405374842,
    -0.13576329209630492,
    -0.06851290152924461,
    17.951955174320748
  ],
  "0A986513-7828-4D53-AA1F-E02D6DF9561B": [
    -1.2996357361458564,
    -0.28337461617799614,
    -0.18173640079146441,
    -0.12354935459071972,
    -0.03643520689859936,
    37.32591195817252
  ],
  "0BFC35E2-4817-4865-BFA7-764742302A2D": [
    -1.485870789391609,
    -0.35464994258025107,
    -0.24915063040074323,
    -0.15554919302758133,
    0.029526687339955133,
    9.579504672962972
  ],
  "0E6184E1-90C0-48EE-B25A-F1ECB7B9714E": [
    -1.3869934213501707,
    -0.7793866880464404,
    -0.528908772251799,
    0.313238217286702,
    0.6566431840624453,
    9.571316170166126
  ],
  "1155FF54-63D3-4AB2-9863-8385D0BD0A13": [
    -1.239460802275342,
    -0.33178721181685633,
    -0.21087931364800913,
    -0.12724033446897554,
    0.035461631107274835,
    11.46995239434885
  ],
  "11B5EC4D-4133-4289-B475-4E737182A406": [
    -0.8752581152964571,
    -0.2336260224976631,
    -0.19664937457671375,
    -0.12499979080450041,
    0.024334550575188057,
    16.902743128122424
  ],
  "136562B6-95B2-483D-88DC-065F28409FD2": [
    -1.2688492363709494,
    -0.6153428054753011,
    -0.4869439494696127,
    0.10798482043001892,
    0.36442757445632024,
    15.396907835735965
  ],
  "1538C99F-BA1E-4EFB-A949-6C7C47701B20": [
    -1.0187959537109068,
    -0.6055890633176407,
    -0.48552267831567714,
    0.1139458604879046,
    0.3236721178901355,
    13.070204745658224
  ],
  "1DBB0F6F-1F81-4A50-9DF4-CD62ACFA4842": [
    -1.0250820271320351,
    -0.34703254426141533,
    -0.26159915301693754,
    -0.20007133495731044,
    -0.05851133902631568,
    19.950250734242925
  ],
  "24E40C4C-A349-4F9F-93AB-01D00FB994AF": [
    -0.6505612171840308,
    -0.36048460607475197,
    -0.30778949416356166,
    -0.24258859943076944,
    0.021074227143325706,
    20.115524099988896
  ],
  "27E04243-B138-4F40-A164-F40B60165CF3": [
    -1.0966551889578415,
    -0.540962964210139,
    -0.46136117411311506,
    -0.38722330231346225,
    0.8507138617334382,
    7.7114770048777395
  ],
  "2C32C23E-E30C-498A-8DD2-0EFB9150A02E": [
    -1.5235510963475187,
    -0.3004139332068395,
    -0.24771599378916298,
    -0.15299021312907787,
    0.1743613442777146,
    33.02913682193778
  ],
  "33A85C34-CFE4-4732-9E73-0A7AC861B27A": [
    -2.991687206832905,
    -0.6779574698598572,
    0.05919149057121114,
    0.14074831829572798,
    0.4125951827375121,
    10.20786733319101
  ],
  "3600D531-0C55-44A7-AE95-A7A38519464E": [
    -0.587815194301821,
    -0.4976861270242153,
    -0.39058098214291,
    -0.08788422487082892,
    0.20834145331468817,
    10.026626307390051
  ],
  "40E170A7-607B-4578-AF04-F021C3B0384A": [
    -3.8841094136572534,
    -0.1814760856564005,
    0.0159013899732957,
    0.09955806838587426,
    0.22074957490922098,
    18.55432818692294
  ],
  "481F4DD2-7689-43B9-A2AA-C8772227162B": [
    -1.0010501631913187,
    -0.43248311619023166,
    -0.2579706761888009,
    -0.0995137959614287,
    0.11105876385586848,
    14.71430231080276
  ],
  "4E98F91F-4654-42EF-B908-A3389443F2E7": [
    -3.1979529820411883,
    -0.6724349213702293,
    -0.25251440216760507,
    0.19076976417662003,
    0.6735225286564652,
    19.888883287257894
  ],
  "4FC32141-E888-4BFF-8804-12559A491D8C": [
    -0.7345107937045308,
    -0.2275362935989058,
    -0.2040348985982257,
    -0.1196104129185616,
    0.05722016429005489,
    21.855444997760554
  ],
  "5119D0F8-FCA8-4184-A4EB-19421A40DE0D": [
    -0.47706127216012395,
    -0.3059642771471962,
    -0.2627506317762287,
    -0.2264263075201834,
    0.1914849255249793,
    15.557520234445251
  ],
  "5152A2DF-FAF3-4BA8-9CA9-E66B32671A53": [
    -1.1973943497992872,
    -0.5465187194424365,
    -0.17211074531467982,
    -0.012925984892505477,
    0.2601979871905211,
    29.169521813607457
  ],
  "59818CD2-24D7-4D32-B133-24C2FE3801E5": [
    -0.40647523020855386,
    -0.21709553569701137,
    -0.1402838867653729,
    -0.08655891333299359,
    0.029959005683061604,
    21.823010786399085
  ],
  "59EEFAE0-DEB0-4FFF-9250-54D2A03D0CF2": [
    -1.2723287346678254,
    -0.42867544466048535,
    -0.2759554651623477,
    -0.18735829756887815,
    -0.04914493616991986,
    12.752990035186816
  ],
  "5EF64122-B513-46AE-BCF1-E62AAC285D2C": [
    -5.036629688747268,
    -0.3721831679848719,
    -0.1754281815044748,
    0.010500075561139952,
    0.4093540111177054,
    17.972044174705434
  ],
  "61359772-D8D8-480D-B623-7C636EAD0C81": [
    -1.7108846518755343,
    -0.44798363965437465,
    -0.3360776774429241,
    -0.2642361611364276,
    0.08334798035882318,
    14.675684866572759
  ],
  "61976C24-1C50-4355-9C49-AAE44A7D09F6": [
    -1.0549254022870524,
    -0.3646642456931763,
    -0.23881552653518057,
    -0.15518878025486108,
    -0.029122141236851317,
    15.038728659560984
  ],
  "665514DE-49DC-421F-8DCB-145D0B2609AD": [
    -1.8011877992224383,
    -0.2730098149025448,
    -0.08878710248068292,
    -0.07182355514273181,
    -0.05481295219496535,
    11.205759170932748
  ],
  "74B86067-5D4B-43CF-82CF-341B76BEA0F4": [
    -0.5086156127646267,
    -0.31055301929154233,
    -0.2957851212010715,
    -0.23760734019606136,
    0.14862255460140958,
    11.469924020853323
  ],
  "78A91A4E-4A51-4065-BDA7-94755F0BB3BB": [
    -3.162840609257743,
    -0.3804503851887234,
    -0.17597093656158813,
    0.027654022100549538,
    0.22914275585016425,
    18.617852251884663
  ],
  "797D145F-3858-4A7F-A7C2-A4EB721E133C": [
    -0.9017359317696526,
    -0.3666988224800323,
    -0.2832537666840272,
    -0.21940708495717004,
    -0.08246101319579176,
    14.435571325436555
  ],
  "7CE37510-56D0-4120-A1CF-0E23351428D2": [
    -1.2296298334582818,
    -0.3170178819812847,
    -0.22890790385801443,
    -0.15467923617146923,
    -0.06534600080664776,
    22.711597466667612
  ],
  "7D9BB102-A612-4E2A-8E22-3159752F55D8": [
    -1.0678596622515115,
    -0.3990548821558834,
    -0.27357186349354073,
    -0.10967705421850717,
    0.030646325363091767,
    12.910507765300254
  ],
  "8023FE1A-D3B0-4E2C-A57A-9321B7FC755F": [
    -0.8971026379400441,
    -0.40174657719038187,
    -0.14890444995128035,
    -0.053716241405061683,
    0.10547697539159433,
    26.3278670661627
  ],
  "806289BC-AD52-4CC1-806C-0CDB14D65EB6": [
    -0.6934500919403047,
    -0.5767144170302243,
    -0.5481158491081273,
    -0.5144330913332136,
    0.8167717103598654,
    6.584467336515251
  ],
  "81536B0A-8DBF-4D8A-AC24-9543E2E4C8E0": [
    -3.0887049576626744,
    -0.4929512571218969,
    -0.1732393736496992,
    0.058676182944231325,
    0.3854962181844198,
    13.42986502071994
  ],
  "83CF687B-7CEC-434B-9FE8-00C3D5799BE6": [
    -2.0439326209292856,
    -0.6156190161488925,
    -0.30311019918518006,
    -0.10386897481896704,
    0.32647987663367073,
    12.104726738426942
  ],
  "86A4F379-B305-473D-9D83-FC7D800180EF": [
    -3.256369216257231,
    -0.5186036900671042,
    0.390990302547184,
    0.4678054743891449,
    0.5466195829629252,
    3.7696989469670714
  ],
  "96A358A0-FFF2-4239-B93E-C7425B901B47": [
    -1.032029480486143,
    -0.46581119671968574,
    -0.3813370460744161,
    -0.3007023914558704,
    0.2996889783656347,
    12.12754196281451
  ],
  "9759096F-1119-4E19-A0AD-6F16989C7E1C": [
    -3.227950820402556,
    -0.3170863191975977,
    -0.1749944658813571,
    -0.14505765778174887,
    0.03884937088781677,
    17.51192760111827
  ],
  "99B204C0-DD5C-4BB7-83E8-A37281B8D769": [
    -0.8328990963736275,
    -0.7020093636289506,
    -0.6388530592497312,
    -0.5200773590260676,
    1.3638908936025675,
    7.051377119117942
  ],